{
  "af": {
    "and": [
      "* ",
      "En "
    ],
    "background": [
      "Agtergrond"
    ],
    "but": [
      "* ",
      "Maar "
    ],
    "examples": [
      "Voorbeelde"
    ],
    "feature": [
      "Funksie",
      "Besigheid Behoefte",
      "Vermoë"
    ],
    "given": [
      "* ",
      "Gegewe "
    ],
    "name": "Afrikaans",
    "native": "Afrikaans",
    "rule": [
      "Rule"
    ],
    "scenario": [
      "Voorbeeld",
      "Situasie"
    ],
    "scenarioOutline": [
      "Situasie Uiteensetting"
    ],
    "then": [
      "* ",
      "Dan "
    ],
    "when": [
      "* ",
      "Wanneer "
    ]
  },
  "am": {
    "and": [
      "* ",
      "Եվ "
    ],
    "background": [
      "Կոնտեքստ"
    ],
    "but": [
      "* ",
      "Բայց "
    ],
    "examples": [
      "Օրինակներ"
    ],
    "feature": [
      "Ֆունկցիոնալություն",
      "Հատկություն"
    ],
    "given": [
      "* ",
      "Դիցուք "
    ],
    "name": "Armenian",
    "native": "հայերեն",
    "rule": [
      "Rule"
    ],
    "scenario": [
      "Օրինակ",
      "Սցենար"
    ],
    "scenarioOutline": [
      "Սցենարի կառուցվացքը"
    ],
    "then": [
      "* ",
      "Ապա "
    ],
    "when": [
      "* ",
      "Եթե ",
      "Երբ "
    ]
  },
  "an": {
    "and": [
      "* ",
      "Y ",
      "E "
    ],
    "background": [
      "Antecedents"
    ],
    "but": [
      "* ",
      "Pero "
    ],
    "examples": [
      "Eixemplos"
    ],
    "feature": [
      "Caracteristica"
    ],
    "given": [
      "* ",
      "Dau ",
      "Dada ",
      "Daus ",
      "Dadas "
    ],
    "name": "Aragonese",
    "native": "Aragonés",
    "rule": [
      "Rule"
    ],
    "scenario": [
      "Eixemplo",
      "Caso"
    ],
    "scenarioOutline": [
      "Esquema del caso"
    ],
    "then": [
      "* ",
      "Alavez ",
      "Allora ",
      "Antonces "
    ],
    "when": [
      "* ",
      "Cuan "
    ]
  },
  "ar": {
    "and": [
      "* ",
      "و "
    ],
    "background": [
      "الخلفية"
    ],
    "but": [
      "* ",
      "لكن "
    ],
    "examples": [
      "امثلة"
    ],
    "feature": [
      "خاصية"
    ],
    "given": [
      "* ",
      "بفرض "
    ],
    "name": "Arabic",
    "native": "العربية",
    "rule": [
      "Rule"
    ],
    "scenario": [
      "مثال",
      "سيناريو"
    ],
    "scenarioOutline": [
      "سيناريو مخطط"
    ],
    "then": [
      "* ",
      "اذاً ",
      "ثم "
    ],
    "when": [
      "* ",
      "متى ",
      "عندما "
    ]
  },
  "ast": {
    "and": [
      "* ",
      "Y ",
      "Ya "
    ],
    "background": [
      "Antecedentes"
    ],
    "but": [
      "* ",
      "Peru "
    ],
    "examples": [
      "Exemplos"
    ],
    "feature": [
      "Carauterística"
    ],
    "given": [
      "* ",
      "Dáu ",
      "Dada ",
      "Daos ",
      "Daes "
    ],
    "name": "Asturian",
    "native": "asturianu",
    "rule": [
      "Rule"
    ],
    "scenario": [
      "Exemplo",
      "Casu"
    ],
    "scenarioOutline": [
      "Esbozu del casu"
    ],
    "then": [
      "* ",
      "Entós "
    ],
    "when": [
      "* ",
      "Cuando "
    ]
  },
  "az": {
    "and": [
      "* ",
      "Və ",
      "Həm "
    ],
    "background": [
      "Keçmiş",
      "Kontekst"
    ],
    "but": [
      "* ",
      "Amma ",
      "Ancaq "
    ],
    "examples": [
      "Nümunələr"
    ],
    "feature": [
      "Özəllik"
    ],
    "given": [
      "* ",
      "Tutaq ki ",
      "Verilir "
    ],
    "name": "Azerbaijani",
    "native": "Azərbaycanca",
    "rule": [
      "Rule"
    ],
    "scenario": [
      "Nümunələr",
      "Ssenari"
    ],
    "scenarioOutline": [
      "Ssenarinin strukturu"
    ],
    "then": [
      "* ",
      "O halda "
    ],
    "when": [
      "* ",
      "Əgər ",
      "Nə vaxt ki "
    ]
  },
  "bg": {
    "and": [
      "* ",
      "И "
    ],
    "background": [
      "Предистория"
    ],
    "but": [
      "* ",
      "Но "
    ],
    "examples": [
      "Примери"
    ],
    "feature": [
      "Функционалност"
    ],
    "given": [
      "* ",
      "Дадено "
    ],
    "name": "Bulgarian",
    "native": "български",
    "rule": [
      "Rule"
    ],
    "scenario": [
      "Пример",
      "Сценарий"
    ],
    "scenarioOutline": [
      "Рамка на сценарий"
    ],
    "then": [
      "* ",
      "То "
    ],
    "when": [
      "* ",
      "Когато "
    ]
  },
  "bm": {
    "and": [
      "* ",
      "Dan "
    ],
    "background": [
      "Latar Belakang"
    ],
    "but": [
      "* ",
      "Tetapi ",
      "Tapi "
    ],
    "examples": [
      "Contoh"
    ],
    "feature": [
      "Fungsi"
    ],
    "given": [
      "* ",
      "Diberi ",
      "Bagi "
    ],
    "name": "Malay",
    "native": "Bahasa Melayu",
    "rule": [
      "Rule"
    ],
    "scenario": [
      "Senario",
      "Situasi",
      "Keadaan"
    ],
    "scenarioOutline": [
      "Kerangka Senario",
      "Kerangka Situasi",
      "Kerangka Keadaan",
      "Garis Panduan Senario"
    ],
    "then": [
      "* ",
      "Maka ",
      "Kemudian "
    ],
    "when": [
      "* ",
      "Apabila "
    ]
  },
  "bs": {
    "and": [
      "* ",
      "I ",
      "A "
    ],
    "background": [
      "Pozadina"
    ],
    "but": [
      "* ",
      "Ali "
    ],
    "examples": [
      "Primjeri"
    ],
    "feature": [
      "Karakteristika"
    ],
    "given": [
      "* ",
      "Dato "
    ],
    "name": "Bosnian",
    "native": "Bosanski",
    "rule": [
      "Rule"
    ],
    "scenario": [
      "Primjer",
      "Scenariju",
      "Scenario"
    ],
    "scenarioOutline": [
      "Scenariju-obris",
      "Scenario-outline"
    ],
    "then": [
      "* ",
      "Zatim "
    ],
    "when": [
      "* ",
      "Kada "
    ]
  },
  "ca": {
    "and": [
      "* ",
      "I "
    ],
    "background": [
      "Rerefons",
      "Antecedents"
    ],
    "but": [
      "* ",
      "Però "
    ],
    "examples": [
      "Exemples"
    ],
    "feature": [
      "Característica",
      "Funcionalitat"
    ],
    "given": [
      "* ",
      "Donat ",
      "Donada ",
      "Atès ",
      "Atesa "
    ],
    "name": "Catalan",
    "native": "català",
    "rule": [
      "Rule"
    ],
    "scenario": [
      "Exemple",
      "Escenari"
    ],
    "scenarioOutline": [
      "Esquema de l'escenari"
    ],
    "then": [
      "* ",
      "Aleshores ",
      "Cal "
    ],
    "when": [
      "* ",
      "Quan "
    ]
  },
  "cs": {
    "and": [
      "* ",
      "A také ",
      "A "
    ],
    "background": [
      "Pozadí",
      "Kontext"
    ],
    "but": [
      "* ",
      "Ale "
    ],
    "examples": [
      "Příklady"
    ],
    "feature": [
      "Požadavek"
    ],
    "given": [
      "* ",
      "Pokud ",
      "Za předpokladu "
    ],
    "name": "Czech",
    "native": "Česky",
    "rule": [
      "Rule"
    ],
    "scenario": [
      "Příklad",
      "Scénář"
    ],
    "scenarioOutline": [
      "Náčrt Scénáře",
      "Osnova scénáře"
    ],
    "then": [
      "* ",
      "Pak "
    ],
    "when": [
      "* ",
      "Když "
    ]
  },
  "cy-GB": {
    "and": [
      "* ",
      "A "
    ],
    "background": [
      "Cefndir"
    ],
    "but": [
      "* ",
      "Ond "
    ],
    "examples": [
      "Enghreifftiau"
    ],
    "feature": [
      "Arwedd"
    ],
    "given": [
      "* ",
      "Anrhegedig a "
    ],
    "name": "Welsh",
    "native": "Cymraeg",
    "rule": [
      "Rule"
    ],
    "scenario": [
      "Enghraifft",
      "Scenario"
    ],
    "scenarioOutline": [
      "Scenario Amlinellol"
    ],
    "then": [
      "* ",
      "Yna "
    ],
    "when": [
      "* ",
      "Pryd "
    ]
  },
  "da": {
    "and": [
      "* ",
      "Og "
    ],
    "background": [
      "Baggrund"
    ],
    "but": [
      "* ",
      "Men "
    ],
    "examples": [
      "Eksempler"
    ],
    "feature": [
      "Egenskab"
    ],
    "given": [
      "* ",
      "Givet "
    ],
    "name": "Danish",
    "native": "dansk",
    "rule": [
      "Rule"
    ],
    "scenario": [
      "Eksempel",
      "Scenarie"
    ],
    "scenarioOutline": [
      "Abstrakt Scenario"
    ],
    "then": [
      "* ",
      "Så "
    ],
    "when": [
      "* ",
      "Når "
    ]
  },
  "de": {
    "and": [
      "* ",
      "Und "
    ],
    "background": [
      "Grundlage"
    ],
    "but": [
      "* ",
      "Aber "
    ],
    "examples": [
      "Beispiele"
    ],
    "feature": [
      "Funktionalität"
    ],
    "given": [
      "* ",
      "Angenommen ",
      "Gegeben sei ",
      "Gegeben seien "
    ],
    "name": "German",
    "native": "Deutsch",
    "rule": [
      "Rule"
    ],
    "scenario": [
      "Beispiel",
      "Szenario"
    ],
    "scenarioOutline": [
      "Szenariogrundriss"
    ],
    "then": [
      "* ",
      "Dann "
    ],
    "when": [
      "* ",
      "Wenn "
    ]
  },
  "el": {
    "and": [
      "* ",
      "Και "
    ],
    "background": [
      "Υπόβαθρο"
    ],
    "but": [
      "* ",
      "Αλλά "
    ],
    "examples": [
      "Παραδείγματα",
      "Σενάρια"
    ],
    "feature": [
      "Δυνατότητα",
      "Λειτουργία"
    ],
    "given": [
      "* ",
      "Δεδομένου "
    ],
    "name": "Greek",
    "native": "Ελληνικά",
    "rule": [
      "Rule"
    ],
    "scenario": [
      "Παράδειγμα",
      "Σενάριο"
    ],
    "scenarioOutline": [
      "Περιγραφή Σεναρίου",
      "Περίγραμμα Σεναρίου"
    ],
    "then": [
      "* ",
      "Τότε "
    ],
    "when": [
      "* ",
      "Όταν "
    ]
  },
  "em": {
    "and": [
      "* ",
      "😂"
    ],
    "background": [
      "💤"
    ],
    "but": [
      "* ",
      "😔"
    ],
    "examples": [
      "📓"
    ],
    "feature": [
      "📚"
    ],
    "given": [
      "* ",
      "😐"
    ],
    "name": "Emoji",
    "native": "😀",
    "rule": [
      "Rule"
    ],
    "scenario": [
      "🥒",
      "📕"
    ],
    "scenarioOutline": [
      "📖"
    ],
    "then": [
      "* ",
      "🙏"
    ],
    "when": [
      "* ",
      "🎬"
    ]
  },
  "en": {
    "and": [
      "* ",
      "And "
    ],
    "background": [
      "Background"
    ],
    "but": [
      "* ",
      "But "
    ],
    "examples": [
      "Examples",
      "Scenarios"
    ],
    "feature": [
      "Feature",
      "Business Need",
      "Ability"
    ],
    "given": [
      "* ",
      "Given "
    ],
    "name": "English",
    "native": "English",
    "rule": [
      "Rule"
    ],
    "scenario": [
      "Example",
      "Scenario"
    ],
    "scenarioOutline": [
      "Scenario Outline",
      "Scenario Template"
    ],
    "then": [
      "* ",
      "Then "
    ],
    "when": [
      "* ",
      "When "
    ]
  },
  "en-Scouse": {
    "and": [
      "* ",
      "An "
    ],
    "background": [
      "Dis is what went down"
    ],
    "but": [
      "* ",
      "Buh "
    ],
    "examples": [
      "Examples"
    ],
    "feature": [
      "Feature"
    ],
    "given": [
      "* ",
      "Givun ",
      "Youse know when youse got "
    ],
    "name": "Scouse",
    "native": "Scouse",
    "rule": [
      "Rule"
    ],
    "scenario": [
      "The thing of it is"
    ],
    "scenarioOutline": [
      "Wharrimean is"
    ],
    "then": [
      "* ",
      "Dun ",
      "Den youse gotta "
    ],
    "when": [
      "* ",
      "Wun ",
      "Youse know like when "
    ]
  },
  "en-au": {
    "and": [
      "* ",
      "Too right "
    ],
    "background": [
      "First off"
    ],
    "but": [
      "* ",
      "Yeah nah "
    ],
    "examples": [
      "You'll wanna"
    ],
    "feature": [
      "Pretty much"
    ],
    "given": [
      "* ",
      "Y'know "
    ],
    "name": "Australian",
    "native": "Australian",
    "rule": [
      "Rule"
    ],
    "scenario": [
      "Awww, look mate"
    ],
    "scenarioOutline": [
      "Reckon it's like"
    ],
    "then": [
      "* ",
      "But at the end of the day I reckon "
    ],
    "when": [
      "* ",
      "It's just unbelievable "
    ]
  },
  "en-lol": {
    "and": [
      "* ",
      "AN "
    ],
    "background": [
      "B4"
    ],
    "but": [
      "* ",
      "BUT "
    ],
    "examples": [
      "EXAMPLZ"
    ],
    "feature": [
      "OH HAI"
    ],
    "given": [
      "* ",
      "I CAN HAZ "
    ],
    "name": "LOLCAT",
    "native": "LOLCAT",
    "rule": [
      "Rule"
    ],
    "scenario": [
      "MISHUN"
    ],
    "scenarioOutline": [
      "MISHUN SRSLY"
    ],
    "then": [
      "* ",
      "DEN "
    ],
    "when": [
      "* ",
      "WEN "
    ]
  },
  "en-old": {
    "and": [
      "* ",
      "Ond ",
      "7 "
    ],
    "background": [
      "Aer",
      "Ær"
    ],
    "but": [
      "* ",
      "Ac "
    ],
    "examples": [
      "Se the",
      "Se þe",
      "Se ðe"
    ],
    "feature": [
      "Hwaet",
      "Hwæt"
    ],
    "given": [
      "* ",
      "Thurh ",
      "Þurh ",
      "Ðurh "
    ],
    "name": "Old English",
    "native": "Englisc",
    "rule": [
      "Rule"
    ],
    "scenario": [
      "Swa"
    ],
    "scenarioOutline": [
      "Swa hwaer swa",
      "Swa hwær swa"
    ],
    "then": [
      "* ",
      "Tha ",
      "Þa ",
      "Ða ",
      "Tha the ",
      "Þa þe ",
      "Ða ðe "
    ],
    "when": [
      "* ",
      "Tha ",
      "Þa ",
      "Ða "
    ]
  },
  "en-pirate": {
    "and": [
      "* ",
      "Aye "
    ],
    "background": [
      "Yo-ho-ho"
    ],
    "but": [
      "* ",
      "Avast! "
    ],
    "examples": [
      "Dead men tell no tales"
    ],
    "feature": [
      "Ahoy matey!"
    ],
    "given": [
      "* ",
      "Gangway! "
    ],
    "name": "Pirate",
    "native": "Pirate",
    "rule": [
      "Rule"
    ],
    "scenario": [
      "Heave to"
    ],
    "scenarioOutline": [
      "Shiver me timbers"
    ],
    "then": [
      "* ",
      "Let go and haul "
    ],
    "when": [
      "* ",
      "Blimey! "
    ]
  },
  "eo": {
    "and": [
      "* ",
      "Kaj "
    ],
    "background": [
      "Fono"
    ],
    "but": [
      "* ",
      "Sed "
    ],
    "examples": [
      "Ekzemploj"
    ],
    "feature": [
      "Trajto"
    ],
    "given": [
      "* ",
      "Donitaĵo ",
      "Komence "
    ],
    "name": "Esperanto",
    "native": "Esperanto",
    "rule": [
      "Rule"
    ],
    "scenario": [
      "Ekzemplo",
      "Scenaro",
      "Kazo"
    ],
    "scenarioOutline": [
      "Konturo de la scenaro",
      "Skizo",
      "Kazo-skizo"
    ],
    "then": [
      "* ",
      "Do "
    ],
    "when": [
      "* ",
      "Se "
    ]
  },
  "es": {
    "and": [
      "* ",
      "Y ",
      "E "
    ],
    "background": [
      "Antecedentes"
    ],
    "but": [
      "* ",
      "Pero "
    ],
    "examples": [
      "Ejemplos"
    ],
    "feature": [
      "Característica"
    ],
    "given": [
      "* ",
      "Dado ",
      "Dada ",
      "Dados ",
      "Dadas "
    ],
    "name": "Spanish",
    "native": "español",
    "rule": [
      "Rule"
    ],
    "scenario": [
      "Ejemplo",
      "Escenario"
    ],
    "scenarioOutline": [
      "Esquema del escenario"
    ],
    "then": [
      "* ",
      "Entonces "
    ],
    "when": [
      "* ",
      "Cuando "
    ]
  },
  "et": {
    "and": [
      "* ",
      "Ja "
    ],
    "background": [
      "Taust"
    ],
    "but": [
      "* ",
      "Kuid "
    ],
    "examples": [
      "Juhtumid"
    ],
    "feature": [
      "Omadus"
    ],
    "given": [
      "* ",
      "Eeldades "
    ],
    "name": "Estonian",
    "native": "eesti keel",
    "rule": [
      "Rule"
    ],
    "scenario": [
      "Juhtum",
      "Stsenaarium"
    ],
    "scenarioOutline": [
      "Raamstjuhtum",
      "Raamstsenaarium"
    ],
    "then": [
      "* ",
      "Siis "
    ],
    "when": [
      "* ",
      "Kui "
    ]
  },
  "fa": {
    "and": [
      "* ",
      "و "
    ],
    "background": [
      "زمینه"
    ],
    "but": [
      "* ",
      "اما "
    ],
    "examples": [
      "نمونه ها"
    ],
    "feature": [
      "وِیژگی"
    ],
    "given": [
      "* ",
      "با فرض "
    ],
    "name": "Persian",
    "native": "فارسی",
    "rule": [
      "Rule"
    ],
    "scenario": [
      "مثال",
      "سناریو"
    ],
    "scenarioOutline": [
      "الگوی سناریو"
    ],
    "then": [
      "* ",
      "آنگاه "
    ],
    "when": [
      "* ",
      "هنگامی "
    ]
  },
  "fi": {
    "and": [
      "* ",
      "Ja "
    ],
    "background": [
      "Tausta"
    ],
    "but": [
      "* ",
      "Mutta "
    ],
    "examples": [
      "Tapaukset"
    ],
    "feature": [
      "Ominaisuus"
    ],
    "given": [
      "* ",
      "Oletetaan "
    ],
    "name": "Finnish",
    "native": "suomi",
    "rule": [
      "Rule"
    ],
    "scenario": [
      "Tapaus"
    ],
    "scenarioOutline": [
      "Tapausaihio"
    ],
    "then": [
      "* ",
      "Niin "
    ],
    "when": [
      "* ",
      "Kun "
    ]
  },
  "fr": {
    "and": [
      "* ",
      "Et que ",
      "Et qu'",
      "Et "
    ],
    "background": [
      "Contexte"
    ],
    "but": [
      "* ",
      "Mais que ",
      "Mais qu'",
      "Mais "
    ],
    "examples": [
      "Exemples"
    ],
    "feature": [
      "Fonctionnalité"
    ],
    "given": [
      "* ",
      "Soit ",
      "Etant donné que ",
      "Etant donné qu'",
      "Etant donné ",
      "Etant donnée ",
      "Etant donnés ",
      "Etant données ",
      "Étant donné que ",
      "Étant donné qu'",
      "Étant donné ",
      "Étant donnée ",
      "Étant donnés ",
      "Étant données "
    ],
    "name": "French",
    "native": "français",
    "rule": [
      "Règle"
    ],
    "scenario": [
      "Exemple",
      "Scénario"
    ],
    "scenarioOutline": [
      "Plan du scénario",
      "Plan du Scénario"
    ],
    "then": [
      "* ",
      "Alors "
    ],
    "when": [
      "* ",
      "Quand ",
      "Lorsque ",
      "Lorsqu'"
    ]
  },
  "ga": {
    "and": [
      "* ",
      "Agus"
    ],
    "background": [
      "Cúlra"
    ],
    "but": [
      "* ",
      "Ach"
    ],
    "examples": [
      "Samplaí"
    ],
    "feature": [
      "Gné"
    ],
    "given": [
      "* ",
      "Cuir i gcás go",
      "Cuir i gcás nach",
      "Cuir i gcás gur",
      "Cuir i gcás nár"
    ],
    "name": "Irish",
    "native": "Gaeilge",
    "rule": [
      "Rule"
    ],
    "scenario": [
      "Sampla",
      "Cás"
    ],
    "scenarioOutline": [
      "Cás Achomair"
    ],
    "then": [
      "* ",
      "Ansin"
    ],
    "when": [
      "* ",
      "Nuair a",
      "Nuair nach",
      "Nuair ba",
      "Nuair nár"
    ]
  },
  "gj": {
    "and": [
      "* ",
      "અને "
    ],
    "background": [
      "બેકગ્રાઉન્ડ"
    ],
    "but": [
      "* ",
      "પણ "
    ],
    "examples": [
      "ઉદાહરણો"
    ],
    "feature": [
      "લક્ષણ",
      "વ્યાપાર જરૂર",
      "ક્ષમતા"
    ],
    "given": [
      "* ",
      "આપેલ છે "
    ],
    "name": "Gujarati",
    "native": "ગુજરાતી",
    "rule": [
      "Rule"
    ],
    "scenario": [
      "ઉદાહરણ",
      "સ્થિતિ"
    ],
    "scenarioOutline": [
      "પરિદ્દશ્ય રૂપરેખા",
      "પરિદ્દશ્ય ઢાંચો"
    ],
    "then": [
      "* ",
      "પછી "
    ],
    "when": [
      "* ",
      "ક્યારે "
    ]
  },
  "gl": {
    "and": [
      "* ",
      "E "
    ],
    "background": [
      "Contexto"
    ],
    "but": [
      "* ",
      "Mais ",
      "Pero "
    ],
    "examples": [
      "Exemplos"
    ],
    "feature": [
      "Característica"
    ],
    "given": [
      "* ",
      "Dado ",
      "Dada ",
      "Dados ",
      "Dadas "
    ],
    "name": "Galician",
    "native": "galego",
    "rule": [
      "Rule"
    ],
    "scenario": [
      "Exemplo",
      "Escenario"
    ],
    "scenarioOutline": [
      "Esbozo do escenario"
    ],
    "then": [
      "* ",
      "Entón ",
      "Logo "
    ],
    "when": [
      "* ",
      "Cando "
    ]
  },
  "he": {
    "and": [
      "* ",
      "וגם "
    ],
    "background": [
      "רקע"
    ],
    "but": [
      "* ",
      "אבל "
    ],
    "examples": [
      "דוגמאות"
    ],
    "feature": [
      "תכונה"
    ],
    "given": [
      "* ",
      "בהינתן "
    ],
    "name": "Hebrew",
    "native": "עברית",
    "rule": [
      "Rule"
    ],
    "scenario": [
      "דוגמא",
      "תרחיש"
    ],
    "scenarioOutline": [
      "תבנית תרחיש"
    ],
    "then": [
      "* ",
      "אז ",
      "אזי "
    ],
    "when": [
      "* ",
      "כאשר "
    ]
  },
  "hi": {
    "and": [
      "* ",
      "और ",
      "तथा "
    ],
    "background": [
      "पृष्ठभूमि"
    ],
    "but": [
      "* ",
      "पर ",
      "परन्तु ",
      "किन्तु "
    ],
    "examples": [
      "उदाहरण"
    ],
    "feature": [
      "रूप लेख"
    ],
    "given": [
      "* ",
      "अगर ",
      "यदि ",
      "चूंकि "
    ],
    "name": "Hindi",
    "native": "हिंदी",
    "rule": [
      "Rule"
    ],
    "scenario": [
      "परिदृश्य"
    ],
    "scenarioOutline": [
      "परिदृश्य रूपरेखा"
    ],
    "then": [
      "* ",
      "तब ",
      "तदा "
    ],
    "when": [
      "* ",
      "जब ",
      "कदा "
    ]
  },
  "hr": {
    "and": [
      "* ",
      "I "
    ],
    "background": [
      "Pozadina"
    ],
    "but": [
      "* ",
      "Ali "
    ],
    "examples": [
      "Primjeri",
      "Scenariji"
    ],
    "feature": [
      "Osobina",
      "Mogućnost",
      "Mogucnost"
    ],
    "given": [
      "* ",
      "Zadan ",
      "Zadani ",
      "Zadano ",
      "Ukoliko "
    ],
    "name": "Croatian",
    "native": "hrvatski",
    "rule": [
      "Rule"
    ],
    "scenario": [
      "Primjer",
      "Scenarij"
    ],
    "scenarioOutline": [
      "Skica",
      "Koncept"
    ],
    "then": [
      "* ",
      "Onda "
    ],
    "when": [
      "* ",
      "Kada ",
      "Kad "
    ]
  },
  "ht": {
    "and": [
      "* ",
      "Ak ",
      "Epi ",
      "E "
    ],
    "background": [
      "Kontèks",
      "Istorik"
    ],
    "but": [
      "* ",
      "Men "
    ],
    "examples": [
      "Egzanp"
    ],
    "feature": [
      "Karakteristik",
      "Mak",
      "Fonksyonalite"
    ],
    "given": [
      "* ",
      "Sipoze ",
      "Sipoze ke ",
      "Sipoze Ke "
    ],
    "name": "Creole",
    "native": "kreyòl",
    "rule": [
      "Rule"
    ],
    "scenario": [
      "Senaryo"
    ],
    "scenarioOutline": [
      "Plan senaryo",
      "Plan Senaryo",
      "Senaryo deskripsyon",
      "Senaryo Deskripsyon",
      "Dyagram senaryo",
      "Dyagram Senaryo"
    ],
    "then": [
      "* ",
      "Lè sa a ",
      "Le sa a "
    ],
    "when": [
      "* ",
      "Lè ",
      "Le "
    ]
  },
  "hu": {
    "and": [
      "* ",
      "És "
    ],
    "background": [
      "Háttér"
    ],
    "but": [
      "* ",
      "De "
    ],
    "examples": [
      "Példák"
    ],
    "feature": [
      "Jellemző"
    ],
    "given": [
      "* ",
      "Amennyiben ",
      "Adott "
    ],
    "name": "Hungarian",
    "native": "magyar",
    "rule": [
      "Rule"
    ],
    "scenario": [
      "Példa",
      "Forgatókönyv"
    ],
    "scenarioOutline": [
      "Forgatókönyv vázlat"
    ],
    "then": [
      "* ",
      "Akkor "
    ],
    "when": [
      "* ",
      "Majd ",
      "Ha ",
      "Amikor "
    ]
  },
  "id": {
    "and": [
      "* ",
      "Dan "
    ],
    "background": [
      "Dasar"
    ],
    "but": [
      "* ",
      "Tapi "
    ],
    "examples": [
      "Contoh"
    ],
    "feature": [
      "Fitur"
    ],
    "given": [
      "* ",
      "Dengan "
    ],
    "name": "Indonesian",
    "native": "Bahasa Indonesia",
    "rule": [
      "Rule"
    ],
    "scenario": [
      "Skenario"
    ],
    "scenarioOutline": [
      "Skenario konsep"
    ],
    "then": [
      "* ",
      "Maka "
    ],
    "when": [
      "* ",
      "Ketika "
    ]
  },
  "is": {
    "and": [
      "* ",
      "Og "
    ],
    "background": [
      "Bakgrunnur"
    ],
    "but": [
      "* ",
      "En "
    ],
    "examples": [
      "Dæmi",
      "Atburðarásir"
    ],
    "feature": [
      "Eiginleiki"
    ],
    "given": [
      "* ",
      "Ef "
    ],
    "name": "Icelandic",
    "native": "Íslenska",
    "rule": [
      "Rule"
    ],
    "scenario": [
      "Atburðarás"
    ],
    "scenarioOutline": [
      "Lýsing Atburðarásar",
      "Lýsing Dæma"
    ],
    "then": [
      "* ",
      "Þá "
    ],
    "when": [
      "* ",
      "Þegar "
    ]
  },
  "it": {
    "and": [
      "* ",
      "E "
    ],
    "background": [
      "Contesto"
    ],
    "but": [
      "* ",
      "Ma "
    ],
    "examples": [
      "Esempi"
    ],
    "feature": [
      "Funzionalità"
    ],
    "given": [
      "* ",
      "Dato ",
      "Data ",
      "Dati ",
      "Date "
    ],
    "name": "Italian",
    "native": "italiano",
    "rule": [
      "Rule"
    ],
    "scenario": [
      "Esempio",
      "Scenario"
    ],
    "scenarioOutline": [
      "Schema dello scenario"
    ],
    "then": [
      "* ",
      "Allora "
    ],
    "when": [
      "* ",
      "Quando "
    ]
  },
  "ja": {
    "and": [
      "* ",
      "かつ"
    ],
    "background": [
      "背景"
    ],
    "but": [
      "* ",
      "しかし",
      "但し",
      "ただし"
    ],
    "examples": [
      "例",
      "サンプル"
    ],
    "feature": [
      "フィーチャ",
      "機能"
    ],
    "given": [
      "* ",
      "前提"
    ],
    "name": "Japanese",
    "native": "日本語",
    "rule": [
      "Rule"
    ],
    "scenario": [
      "シナリオ"
    ],
    "scenarioOutline": [
      "シナリオアウトライン",
      "シナリオテンプレート",
      "テンプレ",
      "シナリオテンプレ"
    ],
    "then": [
      "* ",
      "ならば"
    ],
    "when": [
      "* ",
      "もし"
    ]
  },
  "jv": {
    "and": [
      "* ",
      "Lan "
    ],
    "background": [
      "Dasar"
    ],
    "but": [
      "* ",
      "Tapi ",
      "Nanging ",
      "Ananging "
    ],
    "examples": [
      "Conto",
      "Contone"
    ],
    "feature": [
      "Fitur"
    ],
    "given": [
      "* ",
      "Nalika ",
      "Nalikaning "
    ],
    "name": "Javanese",
    "native": "Basa Jawa",
    "rule": [
      "Rule"
    ],
    "scenario": [
      "Skenario"
    ],
    "scenarioOutline": [
      "Konsep skenario"
    ],
    "then": [
      "* ",
      "Njuk ",
      "Banjur "
    ],
    "when": [
      "* ",
      "Manawa ",
      "Menawa "
    ]
  },
  "ka": {
    "and": [
      "* ",
      "და"
    ],
    "background": [
      "კონტექსტი"
    ],
    "but": [
      "* ",
      "მაგ­რამ"
    ],
    "examples": [
      "მაგალითები"
    ],
    "feature": [
      "თვისება"
    ],
    "given": [
      "* ",
      "მოცემული"
    ],
    "name": "Georgian",
    "native": "ქართველი",
    "rule": [
      "Rule"
    ],
    "scenario": [
      "მაგალითად",
      "სცენარის"
    ],
    "scenarioOutline": [
      "სცენარის ნიმუში"
    ],
    "then": [
      "* ",
      "მაშინ"
    ],
    "when": [
      "* ",
      "როდესაც"
    ]
  },
  "kn": {
    "and": [
      "* ",
      "ಮತ್ತು "
    ],
    "background": [
      "ಹಿನ್ನೆಲೆ"
    ],
    "but": [
      "* ",
      "ಆದರೆ "
    ],
    "examples": [
      "ಉದಾಹರಣೆಗಳು"
    ],
    "feature": [
      "ಹೆಚ್ಚಳ"
    ],
    "given": [
      "* ",
      "ನೀಡಿದ "
    ],
    "name": "Kannada",
    "native": "ಕನ್ನಡ",
    "rule": [
      "Rule"
    ],
    "scenario": [
      "ಉದಾಹರಣೆ",
      "ಕಥಾಸಾರಾಂಶ"
    ],
    "scenarioOutline": [
      "ವಿವರಣೆ"
    ],
    "then": [
      "* ",
      "ನಂತರ "
    ],
    "when": [
      "* ",
      "ಸ್ಥಿತಿಯನ್ನು "
    ]
  },
  "ko": {
    "and": [
      "* ",
      "그리고"
    ],
    "background": [
      "배경"
    ],
    "but": [
      "* ",
      "하지만",
      "단"
    ],
    "examples": [
      "예"
    ],
    "feature": [
      "기능"
    ],
    "given": [
      "* ",
      "조건",
      "먼저"
    ],
    "name": "Korean",
    "native": "한국어",
    "rule": [
      "Rule"
    ],
    "scenario": [
      "시나리오"
    ],
    "scenarioOutline": [
      "시나리오 개요"
    ],
    "then": [
      "* ",
      "그러면"
    ],
    "when": [
      "* ",
      "만일",
      "만약"
    ]
  },
  "lt": {
    "and": [
      "* ",
      "Ir "
    ],
    "background": [
      "Kontekstas"
    ],
    "but": [
      "* ",
      "Bet "
    ],
    "examples": [
      "Pavyzdžiai",
      "Scenarijai",
      "Variantai"
    ],
    "feature": [
      "Savybė"
    ],
    "given": [
      "* ",
      "Duota "
    ],
    "name": "Lithuanian",
    "native": "lietuvių kalba",
    "rule": [
      "Rule"
    ],
    "scenario": [
      "Pavyzdys",
      "Scenarijus"
    ],
    "scenarioOutline": [
      "Scenarijaus šablonas"
    ],
    "then": [
      "* ",
      "Tada "
    ],
    "when": [
      "* ",
      "Kai "
    ]
  },
  "lu": {
    "and": [
      "* ",
      "an ",
      "a "
    ],
    "background": [
      "Hannergrond"
    ],
    "but": [
      "* ",
      "awer ",
      "mä "
    ],
    "examples": [
      "Beispiller"
    ],
    "feature": [
      "Funktionalitéit"
    ],
    "given": [
      "* ",
      "ugeholl "
    ],
    "name": "Luxemburgish",
    "native": "Lëtzebuergesch",
    "rule": [
      "Rule"
    ],
    "scenario": [
      "Beispill",
      "Szenario"
    ],
    "scenarioOutline": [
      "Plang vum Szenario"
    ],
    "then": [
      "* ",
      "dann "
    ],
    "when": [
      "* ",
      "wann "
    ]
  },
  "lv": {
    "and": [
      "* ",
      "Un "
    ],
    "background": [
      "Konteksts",
      "Situācija"
    ],
    "but": [
      "* ",
      "Bet "
    ],
    "examples": [
      "Piemēri",
      "Paraugs"
    ],
    "feature": [
      "Funkcionalitāte",
      "Fīča"
    ],
    "given": [
      "* ",
      "Kad "
    ],
    "name": "Latvian",
    "native": "latviešu",
    "rule": [
      "Rule"
    ],
    "scenario": [
      "Piemērs",
      "Scenārijs"
    ],
    "scenarioOutline": [
      "Scenārijs pēc parauga"
    ],
    "then": [
      "* ",
      "Tad "
    ],
    "when": [
      "* ",
      "Ja "
    ]
  },
  "mk-Cyrl": {
    "and": [
      "* ",
      "И "
    ],
    "background": [
      "Контекст",
      "Содржина"
    ],
    "but": [
      "* ",
      "Но "
    ],
    "examples": [
      "Примери",
      "Сценарија"
    ],
    "feature": [
      "Функционалност",
      "Бизнис потреба",
      "Можност"
    ],
    "given": [
      "* ",
      "Дадено ",
      "Дадена "
    ],
    "name": "Macedonian",
    "native": "Македонски",
    "rule": [
      "Rule"
    ],
    "scenario": [
      "Пример",
      "Сценарио",
      "На пример"
    ],
    "scenarioOutline": [
      "Преглед на сценарија",
      "Скица",
      "Концепт"
    ],
    "then": [
      "* ",
      "Тогаш "
    ],
    "when": [
      "* ",
      "Кога "
    ]
  },
  "mk-Latn": {
    "and": [
      "* ",
      "I "
    ],
    "background": [
      "Kontekst",
      "Sodrzhina"
    ],
    "but": [
      "* ",
      "No "
    ],
    "examples": [
      "Primeri",
      "Scenaria"
    ],
    "feature": [
      "Funkcionalnost",
      "Biznis potreba",
      "Mozhnost"
    ],
    "given": [
      "* ",
      "Dadeno ",
      "Dadena "
    ],
    "name": "Macedonian (Latin)",
    "native": "Makedonski (Latinica)",
    "rule": [
      "Rule"
    ],
    "scenario": [
      "Scenario",
      "Na primer"
    ],
    "scenarioOutline": [
      "Pregled na scenarija",
      "Skica",
      "Koncept"
    ],
    "then": [
      "* ",
      "Togash "
    ],
    "when": [
      "* ",
      "Koga "
    ]
  },
  "mn": {
    "and": [
      "* ",
      "Мөн ",
      "Тэгээд "
    ],
    "background": [
      "Агуулга"
    ],
    "but": [
      "* ",
      "Гэхдээ ",
      "Харин "
    ],
    "examples": [
      "Тухайлбал"
    ],
    "feature": [
      "Функц",
      "Функционал"
    ],
    "given": [
      "* ",
      "Өгөгдсөн нь ",
      "Анх "
    ],
    "name": "Mongolian",
    "native": "монгол",
    "rule": [
      "Rule"
    ],
    "scenario": [
      "Сценар"
    ],
    "scenarioOutline": [
      "Сценарын төлөвлөгөө"
    ],
    "then": [
      "* ",
      "Тэгэхэд ",
      "Үүний дараа "
    ],
    "when": [
      "* ",
      "Хэрэв "
    ]
  },
  "nl": {
    "and": [
      "* ",
      "En "
    ],
    "background": [
      "Achtergrond"
    ],
    "but": [
      "* ",
      "Maar "
    ],
    "examples": [
      "Voorbeelden"
    ],
    "feature": [
      "Functionaliteit"
    ],
    "given": [
      "* ",
      "Gegeven ",
      "Stel "
    ],
    "name": "Dutch",
    "native": "Nederlands",
    "rule": [
      "Rule"
    ],
    "scenario": [
      "Voorbeeld",
      "Scenario"
    ],
    "scenarioOutline": [
      "Abstract Scenario"
    ],
    "then": [
      "* ",
      "Dan "
    ],
    "when": [
      "* ",
      "Als ",
      "Wanneer "
    ]
  },
  "no": {
    "and": [
      "* ",
      "Og "
    ],
    "background": [
      "Bakgrunn"
    ],
    "but": [
      "* ",
      "Men "
    ],
    "examples": [
      "Eksempler"
    ],
    "feature": [
      "Egenskap"
    ],
    "given": [
      "* ",
      "Gitt "
    ],
    "name": "Norwegian",
    "native": "norsk",
    "rule": [
      "Regel"
    ],
    "scenario": [
      "Eksempel",
      "Scenario"
    ],
    "scenarioOutline": [
      "Scenariomal",
      "Abstrakt Scenario"
    ],
    "then": [
      "* ",
      "Så "
    ],
    "when": [
      "* ",
      "Når "
    ]
  },
  "pa": {
    "and": [
      "* ",
      "ਅਤੇ "
    ],
    "background": [
      "ਪਿਛੋਕੜ"
    ],
    "but": [
      "* ",
      "ਪਰ "
    ],
    "examples": [
      "ਉਦਾਹਰਨਾਂ"
    ],
    "feature": [
      "ਖਾਸੀਅਤ",
      "ਮੁਹਾਂਦਰਾ",
      "ਨਕਸ਼ ਨੁਹਾਰ"
    ],
    "given": [
      "* ",
      "ਜੇਕਰ ",
      "ਜਿਵੇਂ ਕਿ "
    ],
    "name": "Panjabi",
    "native": "ਪੰਜਾਬੀ",
    "rule": [
      "Rule"
    ],
    "scenario": [
      "ਉਦਾਹਰਨ",
      "ਪਟਕਥਾ"
    ],
    "scenarioOutline": [
      "ਪਟਕਥਾ ਢਾਂਚਾ",
      "ਪਟਕਥਾ ਰੂਪ ਰੇਖਾ"
    ],
    "then": [
      "* ",
      "ਤਦ "
    ],
    "when": [
      "* ",
      "ਜਦੋਂ "
    ]
  },
  "pl": {
    "and": [
      "* ",
      "Oraz ",
      "I "
    ],
    "background": [
      "Założenia"
    ],
    "but": [
      "* ",
      "Ale "
    ],
    "examples": [
      "Przykłady"
    ],
    "feature": [
      "Właściwość",
      "Funkcja",
      "Aspekt",
      "Potrzeba biznesowa"
    ],
    "given": [
      "* ",
      "Zakładając ",
      "Mając ",
      "Zakładając, że "
    ],
    "name": "Polish",
    "native": "polski",
    "rule": [
      "Rule"
    ],
    "scenario": [
      "Przykład",
      "Scenariusz"
    ],
    "scenarioOutline": [
      "Szablon scenariusza"
    ],
    "then": [
      "* ",
      "Wtedy "
    ],
    "when": [
      "* ",
      "Jeżeli ",
      "Jeśli ",
      "Gdy ",
      "Kiedy "
    ]
  },
  "pt": {
    "and": [
      "* ",
      "E "
    ],
    "background": [
      "Contexto",
      "Cenário de Fundo",
      "Cenario de Fundo",
      "Fundo"
    ],
    "but": [
      "* ",
      "Mas "
    ],
    "examples": [
      "Exemplos",
      "Cenários",
      "Cenarios"
    ],
    "feature": [
      "Funcionalidade",
      "Característica",
      "Caracteristica"
    ],
    "given": [
      "* ",
      "Dado ",
      "Dada ",
      "Dados ",
      "Dadas "
    ],
    "name": "Portuguese",
    "native": "português",
    "rule": [
      "Rule"
    ],
    "scenario": [
      "Exemplo",
      "Cenário",
      "Cenario"
    ],
    "scenarioOutline": [
      "Esquema do Cenário",
      "Esquema do Cenario",
      "Delineação do Cenário",
      "Delineacao do Cenario"
    ],
    "then": [
      "* ",
      "Então ",
      "Entao "
    ],
    "when": [
      "* ",
      "Quando "
    ]
  },
  "ro": {
    "and": [
      "* ",
      "Si ",
      "Și ",
      "Şi "
    ],
    "background": [
      "Context"
    ],
    "but": [
      "* ",
      "Dar "
    ],
    "examples": [
      "Exemple"
    ],
    "feature": [
      "Functionalitate",
      "Funcționalitate",
      "Funcţionalitate"
    ],
    "given": [
      "* ",
      "Date fiind ",
      "Dat fiind ",
      "Dată fiind",
      "Dati fiind ",
      "Dați fiind ",
      "Daţi fiind "
    ],
    "name": "Romanian",
    "native": "română",
    "rule": [
      "Rule"
    ],
    "scenario": [
      "Exemplu",
      "Scenariu"
    ],
    "scenarioOutline": [
      "Structura scenariu",
      "Structură scenariu"
    ],
    "then": [
      "* ",
      "Atunci "
    ],
    "when": [
      "* ",
      "Cand ",
      "Când "
    ]
  },
  "ru": {
    "and": [
      "* ",
      "И ",
      "К тому же ",
      "Также "
    ],
    "background": [
      "Предыстория",
      "Контекст"
    ],
    "but": [
      "* ",
      "Но ",
      "А ",
      "Иначе "
    ],
    "examples": [
      "Примеры"
    ],
    "feature": [
      "Функция",
      "Функциональность",
      "Функционал",
      "Свойство"
    ],
    "given": [
      "* ",
      "Допустим ",
      "Дано ",
      "Пусть "
    ],
    "name": "Russian",
    "native": "русский",
    "rule": [
      "Rule"
    ],
    "scenario": [
      "Пример",
      "Сценарий"
    ],
    "scenarioOutline": [
      "Структура сценария"
    ],
    "then": [
      "* ",
      "То ",
      "Затем ",
      "Тогда "
    ],
    "when": [
      "* ",
      "Когда ",
      "Если "
    ]
  },
  "sk": {
    "and": [
      "* ",
      "A ",
      "A tiež ",
      "A taktiež ",
      "A zároveň "
    ],
    "background": [
      "Pozadie"
    ],
    "but": [
      "* ",
      "Ale "
    ],
    "examples": [
      "Príklady"
    ],
    "feature": [
      "Požiadavka",
      "Funkcia",
      "Vlastnosť"
    ],
    "given": [
      "* ",
      "Pokiaľ ",
      "Za predpokladu "
    ],
    "name": "Slovak",
    "native": "Slovensky",
    "rule": [
      "Rule"
    ],
    "scenario": [
      "Príklad",
      "Scenár"
    ],
    "scenarioOutline": [
      "Náčrt Scenáru",
      "Náčrt Scenára",
      "Osnova Scenára"
    ],
    "then": [
      "* ",
      "Tak ",
      "Potom "
    ],
    "when": [
      "* ",
      "Keď ",
      "Ak "
    ]
  },
  "sl": {
    "and": [
      "In ",
      "Ter "
    ],
    "background": [
      "Kontekst",
      "Osnova",
      "Ozadje"
    ],
    "but": [
      "Toda ",
      "Ampak ",
      "Vendar "
    ],
    "examples": [
      "Primeri",
      "Scenariji"
    ],
    "feature": [
      "Funkcionalnost",
      "Funkcija",
      "Možnosti",
      "Moznosti",
      "Lastnost",
      "Značilnost"
    ],
    "given": [
      "Dano ",
      "Podano ",
      "Zaradi ",
      "Privzeto "
    ],
    "name": "Slovenian",
    "native": "Slovenski",
    "rule": [
      "Rule"
    ],
    "scenario": [
      "Primer",
      "Scenarij"
    ],
    "scenarioOutline": [
      "Struktura scenarija",
      "Skica",
      "Koncept",
      "Oris scenarija",
      "Osnutek"
    ],
    "then": [
      "Nato ",
      "Potem ",
      "Takrat "
    ],
    "when": [
      "Ko ",
      "Ce ",
      "Če ",
      "Kadar "
    ]
  },
  "sr-Cyrl": {
    "and": [
      "* ",
      "И "
    ],
    "background": [
      "Контекст",
      "Основа",
      "Позадина"
    ],
    "but": [
      "* ",
      "Али "
    ],
    "examples": [
      "Примери",
      "Сценарији"
    ],
    "feature": [
      "Функционалност",
      "Могућност",
      "Особина"
    ],
    "given": [
      "* ",
      "За дато ",
      "За дате ",
      "За дати "
    ],
    "name": "Serbian",
    "native": "Српски",
    "rule": [
      "Rule"
    ],
    "scenario": [
      "Пример",
      "Сценарио",
      "Пример"
    ],
    "scenarioOutline": [
      "Структура сценарија",
      "Скица",
      "Концепт"
    ],
    "then": [
      "* ",
      "Онда "
    ],
    "when": [
      "* ",
      "Када ",
      "Кад "
    ]
  },
  "sr-Latn": {
    "and": [
      "* ",
      "I "
    ],
    "background": [
      "Kontekst",
      "Osnova",
      "Pozadina"
    ],
    "but": [
      "* ",
      "Ali "
    ],
    "examples": [
      "Primeri",
      "Scenariji"
    ],
    "feature": [
      "Funkcionalnost",
      "Mogućnost",
      "Mogucnost",
      "Osobina"
    ],
    "given": [
      "* ",
      "Za dato ",
      "Za date ",
      "Za dati "
    ],
    "name": "Serbian (Latin)",
    "native": "Srpski (Latinica)",
    "rule": [
      "Rule"
    ],
    "scenario": [
      "Scenario",
      "Primer"
    ],
    "scenarioOutline": [
      "Struktura scenarija",
      "Skica",
      "Koncept"
    ],
    "then": [
      "* ",
      "Onda "
    ],
    "when": [
      "* ",
      "Kada ",
      "Kad "
    ]
  },
  "sv": {
    "and": [
      "* ",
      "Och "
    ],
    "background": [
      "Bakgrund"
    ],
    "but": [
      "* ",
      "Men "
    ],
    "examples": [
      "Exempel"
    ],
    "feature": [
      "Egenskap"
    ],
    "given": [
      "* ",
      "Givet "
    ],
    "name": "Swedish",
    "native": "Svenska",
    "rule": [
      "Rule"
    ],
    "scenario": [
      "Scenario"
    ],
    "scenarioOutline": [
      "Abstrakt Scenario",
      "Scenariomall"
    ],
    "then": [
      "* ",
      "Så "
    ],
    "when": [
      "* ",
      "När "
    ]
  },
  "ta": {
    "and": [
      "* ",
      "மேலும்  ",
      "மற்றும் "
    ],
    "background": [
      "பின்னணி"
    ],
    "but": [
      "* ",
      "ஆனால்  "
    ],
    "examples": [
      "எடுத்துக்காட்டுகள்",
      "காட்சிகள்",
      "நிலைமைகளில்"
    ],
    "feature": [
      "அம்சம்",
      "வணிக தேவை",
      "திறன்"
    ],
    "given": [
      "* ",
      "கொடுக்கப்பட்ட "
    ],
    "name": "Tamil",
    "native": "தமிழ்",
    "rule": [
      "Rule"
    ],
    "scenario": [
      "உதாரணமாக",
      "காட்சி"
    ],
    "scenarioOutline": [
      "காட்சி சுருக்கம்",
      "காட்சி வார்ப்புரு"
    ],
    "then": [
      "* ",
      "அப்பொழுது "
    ],
    "when": [
      "* ",
      "எப்போது "
    ]
  },
  "th": {
    "and": [
      "* ",
      "และ "
    ],
    "background": [
      "แนวคิด"
    ],
    "but": [
      "* ",
      "แต่ "
    ],
    "examples": [
      "ชุดของตัวอย่าง",
      "ชุดของเหตุการณ์"
    ],
    "feature": [
      "โครงหลัก",
      "ความต้องการทางธุรกิจ",
      "ความสามารถ"
    ],
    "given": [
      "* ",
      "กำหนดให้ "
    ],
    "name": "Thai",
    "native": "ไทย",
    "rule": [
      "Rule"
    ],
    "scenario": [
      "เหตุการณ์"
    ],
    "scenarioOutline": [
      "สรุปเหตุการณ์",
      "โครงสร้างของเหตุการณ์"
    ],
    "then": [
      "* ",
      "ดังนั้น "
    ],
    "when": [
      "* ",
      "เมื่อ "
    ]
  },
  "tl": {
    "and": [
      "* ",
      "మరియు "
    ],
    "background": [
      "నేపథ్యం"
    ],
    "but": [
      "* ",
      "కాని "
    ],
    "examples": [
      "ఉదాహరణలు"
    ],
    "feature": [
      "గుణము"
    ],
    "given": [
      "* ",
      "చెప్పబడినది "
    ],
    "name": "Telugu",
    "native": "తెలుగు",
    "rule": [
      "Rule"
    ],
    "scenario": [
      "ఉదాహరణ",
      "సన్నివేశం"
    ],
    "scenarioOutline": [
      "కథనం"
    ],
    "then": [
      "* ",
      "అప్పుడు "
    ],
    "when": [
      "* ",
      "ఈ పరిస్థితిలో "
    ]
  },
  "tlh": {
    "and": [
      "* ",
      "'ej ",
      "latlh "
    ],
    "background": [
      "mo'"
    ],
    "but": [
      "* ",
      "'ach ",
      "'a "
    ],
    "examples": [
      "ghantoH",
      "lutmey"
    ],
    "feature": [
      "Qap",
      "Qu'meH 'ut",
      "perbogh",
      "poQbogh malja'",
      "laH"
    ],
    "given": [
      "* ",
      "ghu' noblu' ",
      "DaH ghu' bejlu' "
    ],
    "name": "Klingon",
    "native": "tlhIngan",
    "rule": [
      "Rule"
    ],
    "scenario": [
      "lut"
    ],
    "scenarioOutline": [
      "lut chovnatlh"
    ],
    "then": [
      "* ",
      "vaj "
    ],
    "when": [
      "* ",
      "qaSDI' "
    ]
  },
  "tr": {
    "and": [
      "* ",
      "Ve "
    ],
    "background": [
      "Geçmiş"
    ],
    "but": [
      "* ",
      "Fakat ",
      "Ama "
    ],
    "examples": [
      "Örnekler"
    ],
    "feature": [
      "Özellik"
    ],
    "given": [
      "* ",
      "Diyelim ki "
    ],
    "name": "Turkish",
    "native": "Türkçe",
    "rule": [
      "Rule"
    ],
    "scenario": [
      "Örnek",
      "Senaryo"
    ],
    "scenarioOutline": [
      "Senaryo taslağı"
    ],
    "then": [
      "* ",
      "O zaman "
    ],
    "when": [
      "* ",
      "Eğer ki "
    ]
  },
  "tt": {
    "and": [
      "* ",
      "Һәм ",
      "Вә "
    ],
    "background": [
      "Кереш"
    ],
    "but": [
      "* ",
      "Ләкин ",
      "Әмма "
    ],
    "examples": [
      "Үрнәкләр",
      "Мисаллар"
    ],
    "feature": [
      "Мөмкинлек",
      "Үзенчәлеклелек"
    ],
    "given": [
      "* ",
      "Әйтик "
    ],
    "name": "Tatar",
    "native": "Татарча",
    "rule": [
      "Rule"
    ],
    "scenario": [
      "Сценарий"
    ],
    "scenarioOutline": [
      "Сценарийның төзелеше"
    ],
    "then": [
      "* ",
      "Нәтиҗәдә "
    ],
    "when": [
      "* ",
      "Әгәр "
    ]
  },
  "uk": {
    "and": [
      "* ",
      "І ",
      "А також ",
      "Та "
    ],
    "background": [
      "Передумова"
    ],
    "but": [
      "* ",
      "Але "
    ],
    "examples": [
      "Приклади"
    ],
    "feature": [
      "Функціонал"
    ],
    "given": [
      "* ",
      "Припустимо ",
      "Припустимо, що ",
      "Нехай ",
      "Дано "
    ],
    "name": "Ukrainian",
    "native": "Українська",
    "rule": [
      "Rule"
    ],
    "scenario": [
      "Приклад",
      "Сценарій"
    ],
    "scenarioOutline": [
      "Структура сценарію"
    ],
    "then": [
      "* ",
      "То ",
      "Тоді "
    ],
    "when": [
      "* ",
      "Якщо ",
      "Коли "
    ]
  },
  "ur": {
    "and": [
      "* ",
      "اور "
    ],
    "background": [
      "پس منظر"
    ],
    "but": [
      "* ",
      "لیکن "
    ],
    "examples": [
      "مثالیں"
    ],
    "feature": [
      "صلاحیت",
      "کاروبار کی ضرورت",
      "خصوصیت"
    ],
    "given": [
      "* ",
      "اگر ",
      "بالفرض ",
      "فرض کیا "
    ],
    "name": "Urdu",
    "native": "اردو",
    "rule": [
      "Rule"
    ],
    "scenario": [
      "منظرنامہ"
    ],
    "scenarioOutline": [
      "منظر نامے کا خاکہ"
    ],
    "then": [
      "* ",
      "پھر ",
      "تب "
    ],
    "when": [
      "* ",
      "جب "
    ]
  },
  "uz": {
    "and": [
      "* ",
      "Ва "
    ],
    "background": [
      "Тарих"
    ],
    "but": [
      "* ",
      "Лекин ",
      "Бирок ",
      "Аммо "
    ],
    "examples": [
      "Мисоллар"
    ],
    "feature": [
      "Функционал"
    ],
    "given": [
      "* ",
      "Агар "
    ],
    "name": "Uzbek",
    "native": "Узбекча",
    "rule": [
      "Rule"
    ],
    "scenario": [
      "Сценарий"
    ],
    "scenarioOutline": [
      "Сценарий структураси"
    ],
    "then": [
      "* ",
      "Унда "
    ],
    "when": [
      "* ",
      "Агар "
    ]
  },
  "vi": {
    "and": [
      "* ",
      "Và "
    ],
    "background": [
      "Bối cảnh"
    ],
    "but": [
      "* ",
      "Nhưng "
    ],
    "examples": [
      "Dữ liệu"
    ],
    "feature": [
      "Tính năng"
    ],
    "given": [
      "* ",
      "Biết ",
      "Cho "
    ],
    "name": "Vietnamese",
    "native": "Tiếng Việt",
    "rule": [
      "Rule"
    ],
    "scenario": [
      "Tình huống",
      "Kịch bản"
    ],
    "scenarioOutline": [
      "Khung tình huống",
      "Khung kịch bản"
    ],
    "then": [
      "* ",
      "Thì "
    ],
    "when": [
      "* ",
      "Khi "
    ]
  },
  "zh-CN": {
    "and": [
      "* ",
      "而且",
      "并且",
      "同时"
    ],
    "background": [
      "背景"
    ],
    "but": [
      "* ",
      "但是"
    ],
    "examples": [
      "例子"
    ],
    "feature": [
      "功能"
    ],
    "given": [
      "* ",
      "假如",
      "假设",
      "假定"
    ],
    "name": "Chinese simplified",
    "native": "简体中文",
    "rule": [
      "Rule"
    ],
    "scenario": [
      "场景",
      "剧本"
    ],
    "scenarioOutline": [
      "场景大纲",
      "剧本大纲"
    ],
    "then": [
      "* ",
      "那么"
    ],
    "when": [
      "* ",
      "当"
    ]
  },
  "zh-TW": {
    "and": [
      "* ",
      "而且",
      "並且",
      "同時"
    ],
    "background": [
      "背景"
    ],
    "but": [
      "* ",
      "但是"
    ],
    "examples": [
      "例子"
    ],
    "feature": [
      "功能"
    ],
    "given": [
      "* ",
      "假如",
      "假設",
      "假定"
    ],
    "name": "Chinese traditional",
    "native": "繁體中文",
    "rule": [
      "Rule"
    ],
    "scenario": [
      "場景",
      "劇本"
    ],
    "scenarioOutline": [
      "場景大綱",
      "劇本大綱"
    ],
    "then": [
      "* ",
      "那麼"
    ],
    "when": [
      "* ",
      "當"
    ]
  }
}
