<settings xmlns="http://maven.apache.org/SETTINGS/1.0.0"
          xmlns:xsi="http://www.w3.org/2001/XMLSchema-instance"
          xsi:schemaLocation="http://maven.apache.org/SETTINGS/1.0.0
                      http://maven.apache.org/xsd/settings-1.0.0.xsd">
    <servers>
        <server>
            <id>ossrh</id>
            <username>cukebot</username>
            <password>${env.CI_SONATYPE_PASSWORD}</password>
        </server>
    </servers>
    <profiles>
        <profile>
            <id>ossrh</id>
            <activation>
                <activeByDefault>true</activeByDefault>
            </activation>
            <properties>
                <gpg.executable>gpg</gpg.executable>
                <gpg.keyname>E60E1F911B996560FFB135DAF4CABFB5B89B8BE6</gpg.keyname>
                <gpg.passphrase>${env.CI_GPG_PASSPHRASE}</gpg.passphrase>
            </properties>
        </profile>
    </profiles>
</settings>
